column_name,value,count,percentage
product_id,B07JW9H4J1,3,0.2048
product_id,B085DTN6R2,3,0.2048
product_id,B07XLCFSSN,3,0.2048
product_id,B077Z65HSD,3,0.2048
product_id,B09W5XR9RT,3,0.2048
product_id,B082T6V3DT,3,0.2048
product_id,B09NHVCHS9,3,0.2048
product_id,B09YLXYP7Y,3,0.2048
product_id,B09C6HXFC1,3,0.2048
product_id,B08R69VDHT,3,0.2048
product_name,"Fire-Boltt Ninja Call Pro Plus 1.83"" Smart Watch with Bluetooth Calling, AI Voice Assistance, 100 Sports Modes IP67 Rating, 240*280 Pixel High Resolution",5,0.3413
product_name,"Fire-Boltt Phoenix Smart Watch with Bluetooth Calling 1.3"",120+ Sports Modes, 240*240 PX High Res with SpO2, Heart Rate Monitoring & IP67 Rating",4,0.273
product_name,"Wayona Nylon Braided USB to Lightning Fast Charging and Data Sync Cable Compatible for iPhone 13, 12,11, X, 8, 7, 6, 5, iPad Air, Pro, Mini (3 FT Pack of 1, Grey)",3,0.2048
product_name,MI Braided USB Type-C Cable for Charging Adapter (Red),3,0.2048
product_name,"Amazonbasics Nylon Braided Usb-C To Lightning Cable, Fast Charging Mfi Certified Smartphone, Iphone Charger (6-Foot, Dark Grey)",3,0.2048
product_name,"Samsung Galaxy M13 5G (Aqua Green, 6GB, 128GB Storage) | 5000mAh Battery | Upto 12GB RAM with RAM Plus",3,0.2048
product_name,"Amazon Basics USB Type-C to USB-A 2.0 Male Fast Charging Cable for Laptop - 3 Feet (0.9 Meters), Black",3,0.2048
product_name,"boAt A400 USB Type-C to USB-A 2.0 Male Data Cable, 2 Meter (Black)",3,0.2048
product_name,"Duracell USB C To Lightning Apple Certified (Mfi) Braided Sync & Charge Cable For Iphone, Ipad And Ipod. Fast Charging Lightning Cable, 3.9 Feet (1.2M) - Black",3,0.2048
product_name,"AmazonBasics New Release Nylon USB-A to Lightning Cable Cord, Fast Charging MFi Certified Charger for Apple iPhone, iPad (6-Ft, Rose Gold)",3,0.2048
category,Computers&Accessories|Accessories&Peripherals|Cables&Accessories|Cables|USBCables,233,15.9044
category,Electronics|WearableTechnology|SmartWatches,76,5.1877
category,Electronics|Mobiles&Accessories|Smartphones&BasicMobiles|Smartphones,68,4.6416
category,"Electronics|HomeTheater,TV&Video|Televisions|SmartTelevisions",63,4.3003
category,"Electronics|Headphones,Earbuds&Accessories|Headphones|In-Ear",52,3.5495
category,"Electronics|HomeTheater,TV&Video|Accessories|RemoteControls",49,3.3447
category,Home&Kitchen|Kitchen&HomeAppliances|SmallKitchenAppliances|MixerGrinders,27,1.843
category,"Electronics|HomeTheater,TV&Video|Accessories|Cables|HDMICables",24,1.6382
category,"Home&Kitchen|Kitchen&HomeAppliances|Vacuum,Cleaning&Ironing|Irons,Steamers&Accessories|Irons|DryIrons",24,1.6382
category,"Computers&Accessories|Accessories&Peripherals|Keyboards,Mice&InputDevices|Mice",24,1.6382
discounted_price,₹199,53,3.6177
discounted_price,₹299,46,3.1399
discounted_price,₹399,36,2.4573
discounted_price,₹499,34,2.3208
discounted_price,₹349,31,2.116
discounted_price,₹599,28,1.9113
discounted_price,"₹1,499",26,1.7747
discounted_price,₹999,25,1.7065
discounted_price,"₹1,199",23,1.57
discounted_price,"₹1,799",21,1.4334
actual_price,₹999,120,8.1911
actual_price,₹499,71,4.8464
actual_price,"₹1,999",56,3.8225
actual_price,"₹1,499",37,2.5256
actual_price,₹399,34,2.3208
actual_price,₹599,33,2.2526
actual_price,₹699,29,1.9795
actual_price,₹799,24,1.6382
actual_price,"₹2,999",22,1.5017
actual_price,"₹1,299",21,1.4334
discount_percentage,50%,56,3.8225
discount_percentage,60%,56,3.8225
discount_percentage,0%,49,3.3447
discount_percentage,80%,37,2.5256
discount_percentage,55%,36,2.4573
discount_percentage,38%,34,2.3208
discount_percentage,62%,32,2.1843
discount_percentage,43%,32,2.1843
discount_percentage,65%,31,2.116
discount_percentage,28%,30,2.0478
rating,4.1,244,16.6553
rating,4.3,230,15.6997
rating,4.2,228,15.5631
rating,4.0,129,8.8055
rating,3.9,123,8.3959
rating,4.4,123,8.3959
rating,3.8,86,5.8703
rating,4.5,75,5.1195
rating,4,52,3.5495
rating,3.7,42,2.8669
rating_count,"9,378",9,0.6143
rating_count,"18,998",8,0.5461
rating_count,"24,269",7,0.4778
rating_count,"43,994",6,0.4096
rating_count,"32,840",5,0.3413
rating_count,"13,937",5,0.3413
rating_count,"1,423",5,0.3413
rating_count,"13,552",5,0.3413
rating_count,"1,075",5,0.3413
rating_count,"19,252",5,0.3413
about_product,"[CHARGE & SYNC FUNCTION]- This cable comes with charging & Data sync function|[HIGH QUALITY MATERIAL]- TPE + Nylon Material to make sure that the life of the cable is enhanced significantly|[LONG CORD]- The Cable is extra thick 1.2 meter long, optimized for an easy use for your comfort at home or office|[MORE DURABLE]-This cable is unique interms of design and multi-use and is positioned to provide the best comfort and performance while using|[UNIVERSAL COMPATIBILITY]- Compatible with all devices like iPhone XS, X, XR, 8, 7, 6S, 6, 5S, iPad Pro, iPad mini and iPad Air",6,0.4096
about_product,Added Protection: An additional layer of protection has been added to the Lightning and USB ends to improve durability and reduce fraying;,5,0.3413
about_product,"Bluetooth Calling- Wave Call comes with a premium built-in speaker and bluetooth calling via which you can stay connected to your friends, family, and colleagues|Dial Pad- Its dial pad is super responsive and convenient. You can also save upto 10 contacts in this smart watch|Screen Size- Wave Call comes with a 1.69” HD Display that features a bold, bright, and highly responsive 2.5D curved touch interface|Resolution- With 550 nits of brightness get sharper color resolution that brightens your virtual world exponentially.|Design- The ultra slim and lightweight design of the watch is ideal to keep you surfing your wave all day!|Watch Faces- Wave Call comes with 150+ Cloud watchfaces for you to pick from, complementing your every mood and outfit|HR, SpO2 & Breathing- Monitor your heart rate and blood oxygen levels on-the-go with the heart rate and SpO2 monitor. It also comes with Guided Breathing to help you relax and embrace mindfulness.",5,0.3413
about_product,"The boAt Deuce USB 300 2 in 1 cable is compatible with smartphones, tablets, PC peripherals, Bluetooth speakers, power banks and all other devices with Type-C as well as Micro USB port|It ensures 3A fast charging and data transmissions with rapid sync at 480 mbps|The premium Nylon braided skin makes it sturdy and invincible against external damage|Its Aluminium alloy shell housing makes it last longer with 10000+ Bends Lifespan with extended frame protection for strain relief|The resilient and flexible design offers a tangle free experience seamlessly|Deuce USB 300 cable offers a perfect 1.5 meters in length for smooth & hassle-free user experience|2 years warranty from the date of purchase",4,0.273
about_product,"Screen Size: The 1.69 inch HD full touch display with 500 nits of brightness will bring every detail to life!|Resolution: Get sharper color resolution that brightens your virtual world exponentially.|Slim Design: The ultra slim and lightweight design of the watch is ideal to keep you surfing your wave all day!|Sports Modes: Track your daily activity: calories burnt & steps taken. Choose from multiple sports modes which include Walking, Running, Cycling, Climbing, Yoga, Basketball, Football & many more|Google Fit & Apple Health: The watch supports Google and Apple Fit to seamlessly monitor your health.|IP Rating: Sweat freely while you work out with IP68 dust, sweat and splash resistance.|Watch Faces- Customize your style with 140+ based watch faces.",4,0.273
about_product,"Fast Charging Cable - The cable can support upto a charging speed of 3A making it the optimal cable for Quick Charge / Rapid Charge and Turbo Charge devices.|Reversible Connector – It has reversible type c connector that can be plugged in any direction, upside or downside.|Durable Cable- Using only premium quality materials and a tough, durable PVC Coating, the Ambrane USB cable is built for connecting and disconnecting over and over again without signal loss.|High Speed Data Transfer- 480 Mbps data transfer speed allows you to sync the data to the computer or other USB devices within few seconds.|Genuine USB Connectors- We use only certified and high-quality connectors ensuring not only the safety of the connected device but also reliable charging and high-speed data transmission.",4,0.273
about_product,"Upto 12GB RAM with RAM Plus | 128GB internal memory expandable up to 1TB||Superfast 5G with 11 5G Bands, Powerful MTK D700 Octa Core 2.2GH with Android 12,One UI Core 4|50MP+2MP Dual camera setup- True 50MP (F1.8) main camera + 2MP (F2.4) | 5MP (F2.0) front came|16.55 centimeters (6.5-inch) LCD, HD+ resolution with 720 x 1600 pixels resolution, 269 PPI with 16M color|5000mAH lithium-ion battery, 1 year manufacturer warranty for device and 6 months manufacturer warranty for in-box accessories including batteries from the date of purchase",4,0.273
about_product,"Alexa- Alexa built-in Voice Assistant that sets reminders, alarms and answers questions from weather forecasts to live cricket scores at your command!|Screen Size- ;1.69"" big square colour LCD display with a round dial features complete capacitive touch experience to let you take control, effortlessly.|Watch Faces- Multiple watch faces with customizable options to match your OOTD, every day!|Brightness- The ambient light display allows automatic adjustment of brightness on the watch, suited to your environment|HR & SpO2- The watch comes with a stress monitor that reads your HR to indicate stress levels.It also monitors your heart rate and SpO2 (blood oxygen levels) to keep a tab on your overall health.|Sleep Monitor- Track all stages of sleep every night and keep a tab on your sleep health with the sleep monitoring feature on the watch.|Sports Friendly- Its 14 sports mode and 5 ATM dust, splash and sweat resistance makes it the perfect fitness companion to have.",4,0.273
about_product,"High Compatibility : Compatible With iPhone 12, 11, X/XsMax/Xr ,iPhone 8/8 Plus,iPhone 7/7 Plus,iPhone 6s/6s Plus,iPhone 6/6 Plus,iPhone 5/5s/5c/se,iPad Pro,iPad Air 1/2,iPad mini 1/2/3,iPod nano7,iPod touch and more apple devices.|Fast Charge&Data Sync : It can charge and sync simultaneously at a rapid speed, Compatible with any charging adaptor, multi-port charging station or power bank.|Durability : Durable nylon braided design with premium aluminum housing and toughened nylon fiber wound tightly around the cord lending it superior durability and adding a bit to its flexibility.|High Security Level : It is designed to fully protect your device from damaging excessive current.Copper core thick+Multilayer shielding, Anti-interference, Protective circuit equipment.|WARRANTY: 12 months warranty and friendly customer services, ensures the long-time enjoyment of your purchase. If you meet any question or problem, please don't hesitate to contact us.",3,0.2048
about_product,"Connect USB Type-C enabled devices (MacBook, Chromebook Pixel, Galaxy Note 7, etc.) with standard USB Type-A enabled devices (laptops, hard drives, power banks, wall/car chargers, etc.)|Ideal for charging and powering USB Type-C enabled devices, as well as syncing data, photos and music|Reversible design - easily insert the Type-C connector into any Type-C enabled device (does not matter which side is up)|Type-C port is half the width and one-third the height of a standard USB-A connector (slightly larger compared to Lightning or Micro-USB ports)|Up to 480 Mbps data transfer speed; power output up to 5V, 3 Amp|Certified by USB-IF to be compliant with USB 2.0 Standard",3,0.2048
user_id,"AHIKJUDTVJ4T6DV6IUGFYZ5LXMPA,AE55KTFVNXYFD5FPYWP2OUPEYNPQ,AEBWA5I4QFCA3P3OBEPMELBGN4GQ,AHMGAC6QM62UXNEOCZIHLHSXPP2Q,AFHROSCGIXUPV3FYQ7H5QOD46Q7Q,AEAMIR3CMSA32IDEINSJKHRNANTA,AF355FTXYAKFH5NYPRTE7SL3WO3Q,AG5DWPD54QGSLWJ6QUFERLPNAX4Q",10,0.6826
user_id,"AG3D6O4STAQKAY2UVGEUV46KN35Q,AHMY5CWJMMK5BJRBBSNLYT3ONILA,AHCTC6ULH4XB6YHDY6PCH2R772LQ,AGYHHIERNXKA6P5T7CZLXKVPT7IQ,AG4OGOFWXJZTQ2HKYIOCOY3KXF2Q,AENGU523SXMOS7JPDTW52PNNVWGQ,AEQJHCVTNINBS4FKTBGQRQTGTE5Q,AFC3FFC5PKFF5PMA52S3VCHOZ5FQ",8,0.5461
user_id,"AGAELRYPMTG5SADZPDYB343EASAA,AGFN4JODOM2NTFCJQOHDBQLVDJTQ,AG7EZVSAXIVGMNDLSA55K7URQCJA,AGGF75HIEMB67OU7J3RDALBSUKQQ,AHY5CI4SU6JBYPIZ5RLAGO6W3F4A,AE4KODNBVTDCZWZO4HZM4GTRERPA,AH6HFHSYOY2OHMODD7244DHG7FUQ,AHRW5JERWYAJCZO65PDKZSOEPR6Q",8,0.5461
user_id,"AEWAZDZZJLQUYVOVGBEUKSLXHQ5A,AG5HTSFRRE6NL3M5SGCUQBP7YSCA,AH725ST5NW2Y4JZPKUNTIJCUK2BA,AHV3TXIFCJPMS4D5JATCEUR266MQ,AGWIGDEMFIIUAOXYY2QATNBSUGHA,AFSTSLQUV4EVEXWKBOLEFHL2H5YQ,AGAKDNBHY2FKX7I4ACRGILU7QL7A,AFNWJUWJRHCC6HN52KMG5AKZY37Q",7,0.4778
user_id,"AECPFYFQVRUWC3KGNLJIOREFP5LQ,AGYYVPDD7YG7FYNBXNGXZJT525AQ,AHONIZU3ICIEHQIGQ6R2VFRSBXOQ,AFPHD2CRPDZMWMBL7WXRSVYWS5JA,AEZ346GX3HJ4O4XNRPHCNHXQURMQ,AEPSWFPNECKO34PUC7I56ITGXR6Q,AHWVEHR5DYLVFTO2KF3IZATFQSWQ,AH4QT33M55677I7ISQOAKEQWACYQ",7,0.4778
user_id,"AHWRZWPCTG6ICA7WTNLNNZXWFI5Q,AF2AASVYVSROFD7FXA6EFDS6N2LA,AG6YHIDBTRF4SWXLDWRVMRS56AMQ,AHELRKIGSIPF5VMAGPCPAUJYKOLQ,AH7HRG7P5VGMMU4PN7CEDU74Y2AA,AGPO4HV54G5JLGEZYJJ7NC63V6BQ,AHIMX6EL6H3CLBEVJCWLIQHSAA3A,AEITUHHOUWUNZPQDSHA2ZWQGJUMQ",6,0.4096
user_id,"AG44HJB2AMIVHAGQZ2WGWONERKCA,AHL2FABQV6XAHZN547DN662X5RWA,AHJE6QFY5XEOZJJWOIOHHIDFWWFQ,AEDMSJ2CEQZID62NXPKEQLMBG2LQ,AHF7ZBKNBLCLFHGJG5KXKPI7QVCQ,AGD2S7EXXSXHBCJHTXUAV6FLXAZA,AHZRUY7MR4SVM3HFJ2SZDGHZJ56A,AHEHKOZPPOVYL75KDU52PSBYDEFQ",6,0.4096
user_id,"AHEVOQADJSSRX7DS325HSFLMP7VQ,AG7XYZRCSKX6G2OLO7DVZWIZ3PUQ,AE2THTCCQLBIUSWPF4CPXC6GGP7Q,AHUJZOV34DFEN55QQ5XOYKVKHV6Q,AELX4DI77ZHURZTDLYFU7XMP7R6Q,AE2ODWBBOBD2SITDDIEJ644OSRFQ,AFLW4WXYQ3G6HU5LBQORDDZO3FOQ,AGGRC2P6M43GDEWCAHGYAILCSKTQ",5,0.3413
user_id,"AF477BP57JM7Z4JD4PYB2K33R6AQ,AGTDD34Y77OB36JNYQWQDN7MHECQ,AG7POKBSWQUO4VOYD4HDWYKMMJ4Q,AFZS6H2ZFJEJHRWIJ3IYL7V6KRPA,AHCYM2ECKI2MNOIDHDG4PT6IIN6A,AECZ4IP3TBM4EUG52BZAOQV3EKIA,AH6RQDXZYKAUPNBOYC4NAZERTFOQ,AFTVETL4HGH4KRUF4NXGJUEDPBAQ",5,0.3413
user_id,"AF2IRSQZKMBGX44YDNUPYRHWXOZQ,AF6VSSXOI3Y4PZCNRJ3L27NCXPYA,AHQKC4MLLVOPBTKJFDBGTXFRKLYQ,AGX5ELLH3KJJ4CY2DJJOXDSOEI6Q,AGJ23TWSY6YFMAVSEAOAUEWO4QLQ,AFOHB4M2RWSUQ3SSZWPMD2FPH6PQ,AFVHKKOI25DAQSETPL7Z5W5SIVUA,AE55WJERHR4C7SEAIWX4JJHFSZBA",5,0.3413
user_name,"$@|\|TO$|-|,Sethu madhav,Akash Thakur,Burger Planet,Justice ⚖️,indrajyoti d.,Aditya Kumar,E.C.GEORGE",10,0.6826
user_name,"Manav,Adarsh gupta,Sundeep,S.Sayeed Ahmed,jaspreet singh,Khaja moin,Anand,S.ARUMUGAM",8,0.5461
user_name,"Satheesh Kadiam,Pritom Chakraborty,Vishwa,Simranpreet Singh,Saptarshi,Amazon Customer,D.RAGHUL,Dharmendra kumar",8,0.5461
user_name,"Omkar dhale,JD,HEMALATHA,Ajwadh a.,amar singh chouhan,Ravi Siddan,Himanshu Goel,Udaykumar",7,0.4778
user_name,"ArdKn,Nirbhay kumar,Sagar Viswanathan,Asp,Placeholder,BharanI,sonia,Niam",7,0.4778
user_name,"siddharth patnaik,Dr Sunilkumar H,Krishna,K. S. Rao,vinayp,indhu,Jogi,DRISHTI VASHISTH GUPTA",6,0.4096
user_name,"Prashant,Sumesh Sundararajan,Vijay Baitha,S.k nahak,Vikram Kumar,Manish,Jm,amit nayak",6,0.4096
user_name,"Manoj maddheshiya,Manoj Kumar Sahoo,Saumil s.,Jean-Louis M.,Mahesh,syed azhar abbas,prabakaran,Sidhu",5,0.3413
user_name,"Placeholder,श्रीPKजी,Gauri salkar,aQeel,Ashish Raj Arora,Ankit,Amazon Customer,Ramamoorthy Jaykumar",5,0.3413
user_name,"Wraith,Krishna Engineering,Kindle Customer,Deeps,Chintada Bhaskar Rao,FH,Vasudev,Done Chandra Mouli",5,0.3413
review_id,"R3F4T5TRYPTMIG,R3DQIEC603E7AY,R1O4Z15FD40PV5,RDVX50PD4CTFE,R3H6WKG0TA5CGU,R3Q3L1KP5QWPV3,RU0LU2PAIIME,R20FTANBPFA653",10,0.6826
review_id,"R3HXWT0LRP0NMF,R2AJM3LFTLZHFO,R6AQJGUP6P86,R1KD19VHEDV0OR,R3C02RMYQMK6FC,R39GQRVBUZBWGY,R2K9EDOE15QIRJ,R3OI7YT648TL8I",8,0.5461
review_id,"R2K5OD0MEEBTDL,RS1N6TNO33BOK,R6KWBGOKI1N9Y,R30SKUMYLSXXDN,R1EOYHZWCRSV7B,R13JBDK4SAAYFT,RJOU5K9ECNW7Y,R2APPRANV6IERZ",8,0.5461
review_id,"R3EEUZKKK9J36I,R3HJVYCLYOY554,REDECAZ7AMPQC,R1CLH2ULIVG5U3,R2DMKIBGFKBD6R,RC89B5IAJUTR5,R3B3DDON5FH8DS,R13WAEJDI5RS36",7,0.4778
review_id,"RGIQEG07R9HS2,R1SMWZQ86XIN8U,R2J3Y1WL29GWDE,RYGGS0M09S3KY,R17KQRUTAN5DKS,R3AAQGS6HP2QUK,R1HDNOG6TO2CCA,R3PHKXYA5AFEOU",7,0.4778
review_id,"R27MK332LTT5KS,R2TN6LNGD4FLYB,RVZJOLWLG5JZ9,R32Y3RXFGS0N8S,R1WG388SX6A8SS,R3FCO1GKVP9JHZ,REQQ0KOQUU7N5,RB48XNZD8P2Q4",6,0.4096
review_id,"R2A7MIUNOW8DOE,R2FXP703540FR1,R37E7QJET0BYE8,R1NOL0GE16P06G,R48EN3ANVWEX9,R17WYXS17TYDER,R2BMYAH01K8EG8,R23IO3LHHG39H",6,0.4096
review_id,"R13UTIA6KOF6QV,R2UGDZSGFF01K7,RHHIZ45VYU5X6,R14N9HBE5EIUY0,R2WMW096T9Y0OU,R1SHIIE6M72825,R22P6BE9DBME4F,R2TEINENXTIHT2",5,0.3413
review_id,"R1Q323BB35OP30,RJ0CSQUUWFF9W,R23OB4XMH3S9QD,R1K5FQR6CYMQAV,R3QMD6JDUGQUCI,R1R5LTMWOXI38M,R241G3F07D3OBH,R1O7BQ61DXRVWW",5,0.3413
review_id,"R213ILI3XNVHQ0,R1LZN1V8UCR9IU,R1EBFTZINSJ0LG,R3BKR3VZ1U81LW,R5OJ20F8H5T8U,R1FKQR9LSBVLH2,R3R8UN7IQY7EIT,R2WBDNEW6HCVSH",5,0.3413
review_title,"Worked on iPhone 7 and didn’t work on XR,Good one,Dull Physical Looks,Just Buy it,Go for it,About the product,Get charging cable at the price,Working well.",10,0.6826
review_title,"Satisfied,Charging is really fast,Value for money,Product review,Good quality,Good product,Good Product,As of now seems good",8,0.5461
review_title,"Phone, camera, heating - works for me, may not for all,Good Mobile,Good but not excellent under this budget,Worth the price at 9499,Ok type phone... but unable to make videocall within same service provider.,Phone review,Budget king,Battery backup is good",8,0.5461
review_title,"Good product,Good one,Nice,Really nice product,Very first time change,Good,Fine product but could be better,Very nice it's charging like jet",7,0.4778
review_title,"A Good Braided Cable for Your Type C Device,Good quality product from ambrane,Super cable,As,Good quality,Good product,its good,Good quality for the price but one issue with my unit",7,0.4778
review_title,"Above average phone,Worth For The Money 💰,Okie,Phone is excellent,Purchased in good budget at 12k,It can fulfill basic needs in affordable price range,Nice,About features",6,0.4096
review_title,"Fake Product,Costly but excellent quality,Storage good but don't know how to Activate warantee??,Good for use,5 stas nahi diya kyuki capacity 477gb hi rahta hai,Speed not as advertise,Good one,It's ok",6,0.4096
review_title,"It is the best tv if you are getting it in 10-12k,Good price but the OS lags,GARBAGE QUALITY,Good product.,Good quality,Great experience everything is fantastic 🤠,Super picture quality and sound quality,Awesome",5,0.3413
review_title,"The metal pin is losing it's strength,Sahi h bs 44 rupe ki and dilivery charge 40,Good Charging cable,Good sturdy micro usb cable with good charging speeds,Cheapest micro USB cable in the market,boat is better than this,I bought this for 199rs best charging cable for all mobiles,Good",5,0.3413
review_title,"Good,Worth to buy,Great value for price,Good product,Nice product.,Reliable and worth it!,Much more sturdy and durable than Apple cable,Good",5,0.3413
review_content,"I am not big on camera usage, personally. I was even mentally prepared for a bad camera, based on some reviews here. But I was pleasantly surprised that camera clicks good photos. They are not awesome, but they are decent photos that can even be shared.Now coming to my biggest grouse; heating issue. The phone started heating up while charging, but it was just a little and so I could have ignored it. But then it started heating up more and got me very concerned. I even ordered a replacement thinking I got a defective piece. But then, after further tests, I found that it is heating more when I download huge amounts of data, for example, when I restore data of my old phone, from back up. This is ok with me as, I don't perform huge data loads regularly, definitely not on phone. Then I tested by running tasks I usually perform such as checking office mails, attending office meeting on phone, watching a video from Amazon Prime, and so on. The phone did not heat up even a little. Personally, this is good for me.At this price range, this is a good phone. But if you are camera heavy user and expect to perform heavy downloads frequently, this phone may not for you. I am personally satisfied with this phone as it works for my type of usage. I will not go into plus points of this phone as they are covered by other reviews already. I am only attempting to clarify about how this phone can suit you (or not) in terms of camera and heating. I had many questions about these aspects before buying. Perhaps this review will help you make an informed decision to buy (or avoid). Cheers.,Display - BeautyCamera - decentPerformance - AmazingBattery - ok (in 5000mah u expect more tbh)Overall good phone...Also after 1day of use, i found some network connectivity issue in my jiosim, which I'm using right now in this phone, but I'll keep update this review after 1month of usage!,It's a decent mobile under this price but few things worried me , weight of the phone, too many procedure to change some settings, no screen casting. Apart from that it has good touch, a decent camera for day light , battery life is good.,I bought this smartphone for my mom. Samusung interface is very handful for easy use. Battery is superb, last whole day. Camera is mediocre but provide original colour pictures. All in all satisfied with this smartphone that i got in sale for 9499.,Unable to do video call within same service provider as in VOLTE within same service provider video call feature is available.,Product is fine.  Nothing Fancy but for the budget it is a good phone.,BATTERY : more than enough for normal use  Not sure in gamingCAMERA : good in this segment , can record  videos in FHD 30fpsDISPLAY : since it's a LCD display the quality is  a bit less , but goodV RAM : you can add upto 2gb of virtual ram  but have to sacrifice your storage  Space to use it  OVERALL A GOOD BUDGET PHONE,Finger print is working speedy battery backup is good camera quality is also good",8,0.5461
review_content,"Worked on iPhone 7 and didn’t work on iPhone XR,https://m.media-amazon.com/images/I/71qFFAlV9ZL._SY88.jpg,Look-wise, I didn’t like it. Still, I use it for my work.,Product is quite good and is fast charging.Loved it.,I like it . Looks last long.,The sturdiness will depend on the manner of its use. But its speed of charging is great. Very good product for the average income group.,It's great for charging devices with various types of ports. But works best when charging one device at a time.,Good item.",7,0.4778
review_content,"I ordered this cable to connect my phone to Android Auto of car. The cable is really strong and the connection ports are really well made. I already has a Micro USB cable from Ambrane and it's still in good shape. I connected my phone to the car using the cable and it got connected well and no issues. I also connected it to the charging port and yes it has Fast Charging support.,It quality is good at this price and the main thing is that i didn't ever thought that this cable will be so long it's good one and charging power is too good and also supports fast charging,Value for money, with extra length👍,Good, working fine,Product quality is good,Good,very good,Bought for my daughter's old phone.Brand new cable it was not charging, I already repacked and requested for replacement.I checked again, and there was some green colour paste/fungus inside the micro USB connector. I cleaned with an alcoholic and starts working again.Checked the ampere of charging speed got around 1400ma-1500ma - not bad, came with braided 1.5m long cable, pretty impressive for the price.Can't blame the manufacturer.But quality issues by the distributor, they might have stored in very humid place.",7,0.4778
review_content,"Good product,long wire,Charges good,Nice,I bought this cable for Rs.339 worthy product for this price, i tested it in various charger adapters 33w and 18w it supports fast charging as well.,Good,Ok,I had got this at good price on sale on Amazon and product is useful with warranty but for warranty you need to go very far not practical for such a cost and mine micro to type c connector stopped working after few days only.,I like this product",7,0.4778
review_content,"128GB SD Card is showing 134GBDon't buy this product,It was a bit costly but prouduct is of great quality. Could have been made little bit cheaper cost wise.,All good,Fast and smooth,Ab mujhe computer ki jarurat nahi padti,Speed is fast but not as advertise I get around read speed 70MB/s and write speed 30MB/s,Good one,Product is ok.",6,0.4096
review_content,"I purchased the 6/128gb variant.To sum  it up in to pros and cons.Pros :-1.Good design in terms of look of the phone and it's build quality.2. Screen quality is good with little boosted colour tone.3. The new processor is very smooth and responsive.4. Speaker quality is good without too much treble.5. Camera is ok for selfie and main camera performance is above average with less noise.6. Camera in front is small so notch is not distracting while playing video.Cons :-1.Main camera struggles after 3x zoom.And video call performance of front camera  is inferior to stock selfie photo.2. 18 watt charger took 1hr30 mins to charge 80% of the phone.So charging speed is not time saving for this big battery.,Good one under This price..! One of the Best Android phone by Vivo 💚,Its super good for normal usage,Camera is ok for normal,It's working fine and no issuew. Iqoo providing quality devices compared to other brands,Camera quality is not that high,Value for money,Phone is very handy and battery is also good. Quality of phone is good.",6,0.4096
review_content,"Everything is fine but it is bulky and hard, it should be softer and thinner.....,Thank you  Amazon very good charging cable 👍,Good,Good one,quality is good. worth for 150-200 ₹. short but durable.,Very Good product . Satisfied..,This is fast charging C pin USB!You can purchase it.,Nice product at price of below 100",5,0.3413
review_content,"Good budget mfi certified lightly cable for this price . Update usage review after 3 to 5 months .,Better than the original one in matter of robustness and durability. Better in prospect of charging . It is far better in durability from the original apple wire. Do not think more you can buy blindly worth to buy and it is mfi certified so you IOS device not damaged. But small negative point is packaging quality of the product.,The charger is a great carry on accessory while travelling without risking the original charger.Price is also very affordable and charging speed is very good with good adaptor or power bank.,Good product , can recommend all , only thing I see as issue is the material,, the cable threads peels off when stick to a Velcro materials. Other wise good product, charges very well like original,Nice,Reliable and worth it,The cable shipped in box made by Apple felt less sturdy and reliable after using one or two times and felt it would break more quickly at the lighting port and had to order Amazon basics cable which is miles better and apple MiFi certified,",5,0.3413
review_content,"About the TV - Wonderful---------------------------------------------------------------Probably the best TV in this price range (INR13000).Good - Google interface, loaded with features, lightweight, 55 watt power consumption, stable designAverage - Sound and Picture quality is quite good but if you compare it with premium brands then obviously not that good.Features- Most of the streaming apps available and compatible- You can connect with WiFi, LAN Cable, HDMI, Set top box, Laptop, USB, Gaming console, Old dish cable, and direct TV antenna as well- Built in chromecast to cast any compatible app directly from phone to TV over same WiFi networkWays to connect phone -1. Via cast feature on mobile apps - no password needed only need to be on the same WiFi network2. Via chromecast app - project only selected media (pics, videos) or entire phone screenWays to connect PC/Laptop -1. Windows cast option - project the entire laptop screen on TV using windows cast option ( need to be connected on same WiFi network2. Via HDMI cableAbout the Amazon installation service - Awful-------------------------------------------------------1. The technician brought a cheap hanging hook that had MRP INR116 on it and asked for INR499 for it without any receipt. He kept telling that it was not for sale and company had sent this specially. However, it clearly had MRP mentioned on it2. I went to market and bought a much better cabinet for just INR200 and for installation of that as well, technician was really adamant to drill the two required holes on top. He just drilled one on top and one on bottom and kept all the other spare screws ( which I had bought ) with him. After about half an hour of arguments, he finally drilled the other required holes. And for all this, he kept cussing me that I wasted his time. There was no assistance from the person who represented the service agency as well.This whole process took me two hours to complete that too with lots of arguments. This was the worst installation experience in my life so far.Bottomline - Please do not avail the 'so called free' installation service from Amazon. It is just a scam. Instead call the acer support. They will do the job much better.,After using it for 2 months, here are it's pros and cons:Pros :1. Great picture quality. It's awesome.2. Blacks are very good and is adjustable.3. Sound with 30db is very good4. Looks great with thin besel5. Remote comes with favorite OTT buttons.6. Content upscaling is very good.Cons:1. Remote could have been better. Can't use DTH remote to turn on both televisison and set top box.2. Remote operation is bit complex.3. Motion technology not great. There is a noticeable blur when watching moving ballson OTT, but it decreases when you switch to DTH.Overall, it's a nice buy at this price point. I think I am getting fairly better picture quality and sound. I am satisfied with the product.,Product has good picture quality. Good product at that price with 25w sound. Applications running smoothly. 3 months older & no issues yet. It's running smoothly.,You get decent features for the price you pay. Screen resolution might be. Set back as you may find pixalation. Overall it's good,I am amazed with the picture quality of this 720p (HD Ready) TV. It is truly an amazing panel. I found it suitable for a viewing distance of between 6 to 10 feet. Any nearer it may not look very crisp and any farther, it will feel like a very small size. The speakers are also very good for the price and can get very loud without any distortions. However, since the speaker is downward firing, the experience will vary based on whether the TV is wall mounted or kept on a stand.The remote is good, voice search works well for me. TV start up takes a long time in my opinion, but I have not compared it against any other 32 inch TV and hence do not know where it stands among peers.5 GHz Wifi works very well even across walls. Only negative aspect I faced is w.r.t the experience of using my bluetooth headphones/earphones. Firstly, the connection sometimes doesn't happen automatically after a  restart - which means I have to remove and re-discover the device thru the menu which is not simple. Secondly, the signal itself seems to be very weak and even at a distance of 8 feet in front of the TV, the signal breaks even if you move your head by 2-3 inches.However, I am still super happy with this TV. I got it for 8k during the launch offer and it is totally worth it and is recommended from my side.,At this price range(₹11499/-)it is good quality product on this market..acer only should work with Sound quality improvement otherwise all ok.Picture quality really impressive,wifi connectivity good,easy to install,boderless screen design is premium and also google voice support is good(sometimes lagging).No major issues found on this TV.Just go for it.,Vellu for money. Good product,Very nice productSave money",5,0.3413
review_content,"[Update: Sept 29] boAt seems to have heard the feedback 😀 and updated the watch faces. Now there are a few good ones to pick but a slight improvement over the ones the watch earlier had. Bit Impressed. Added one star for it.Not a very polished product. The fonts are tacky and look ugly in the watch for notification text and caller name text. The watch faces are a lazy design job. No point having 150 watch faces if only 10-20 are good or usable. Rest are useless.[UPDATE: Oct 11] boAt seems to be on a smartwatch launch spree. And thanks to that, they are constantly updating the phone app and the watch faces. Now you have many good looking watch faces to choose from. So overall, still the Smartwatch UI needs work. But atleast you have good watch faces.Good:- Screen quality- Battery life- Looks and the metallic frame- Call clarity- BT calling at the price- Reasonably accurate sensorsBad:- The UI, fonts - they are all very ugly and tacky. They could have tried to give the Chinese software some makeover. But it is a clearly lazy job by the tech team. A copy paste job to be precise of getting an outsourced software and plastering it with brand logos.- Restarts randomly when the call is going on on the watch even for 1 min or so.- Watch faces. Again a job of the design / tech / UI team. BoAt doesn't have a good team of designers and UI guys to really offer simple yet good software features like good watch faces and good watch UI.- No option to silence a call or reply with quick replies.Look for Noise Smart Watches in the Same Range. Noise Colorfit Pulse Go Buzz is cheaper and better alternative + has better watch faces and UI and quick reply to notifications and call silence and mute options for lower prices which this watch has clearly missed.You can go for boAt Wave Call also - It isn't an outright bad watch, but there are better options available for the price.boAt - If you have a team who reads and wants to improve, get some good UI and design folks in your team. Your products are good, but the UI and design is what the people see and that's what makes them feel good about your products. You have really average UI.,Boat wave call watch is best for budget.Call is too good and sound quality is also too good.Battery is good.Totally the watch is good for range.,It's good value for money smart watch.Light weight. Touch is smooth.All the features are 90-95% accurate.,a good product in this price range must buy itGOOD LOOKINGGOOD QUALITY,Good product is mst h,Average for calling good looking,I'm really happy to purchase this watch! It's very affordable having so many features. The calling feature works really well! Overall, if you're looking so good brand & good features, go for this ..,Product does not turn onPlease return the item. Please.",5,0.3413
img_link,https://m.media-amazon.com/images/I/413sCRKobNL._SX300_SY300_QL70_ML2_.jpg,3,0.2048
img_link,https://m.media-amazon.com/images/W/WEBP_402378-T1/images/I/51UsScvHQNL._SX300_SY300_QL70_FMwebp_.jpg,2,0.1365
img_link,https://m.media-amazon.com/images/I/41jlh3c7UbL._SX300_SY300_QL70_FMwebp_.jpg,2,0.1365
img_link,https://m.media-amazon.com/images/W/WEBP_402378-T2/images/I/41m1oMmTMCL._SX300_SY300_QL70_FMwebp_.jpg,2,0.1365
img_link,https://m.media-amazon.com/images/W/WEBP_402378-T2/images/I/31dENZ1gQVL._SX300_SY300_QL70_FMwebp_.jpg,2,0.1365
img_link,https://m.media-amazon.com/images/I/416qO6VZHgL._SX300_SY300_QL70_FMwebp_.jpg,2,0.1365
img_link,https://m.media-amazon.com/images/W/WEBP_402378-T2/images/I/3135yilFsfL._SY445_SX342_QL70_FMwebp_.jpg,2,0.1365
img_link,https://m.media-amazon.com/images/I/412XfBAEikL._SX300_SY300_QL70_FMwebp_.jpg,2,0.1365
img_link,https://m.media-amazon.com/images/I/41KmCJuybRL._SX300_SY300_QL70_FMwebp_.jpg,2,0.1365
img_link,https://m.media-amazon.com/images/I/41gFqSHngyL._SX300_SY300_QL70_FMwebp_.jpg,2,0.1365
product_link,https://www.amazon.in/Wayona-Braided-WN3LG1-Syncing-Charging/dp/B07JW9H4J1/ref=sr_1_1?qid=1672909124&s=electronics&sr=1-1,1,0.0683
product_link,https://www.amazon.in/Camel-Oil-Pastel-Reusable-Plastic/dp/B00LY12TH6/ref=sr_1_448?qid=1672903017&s=computers&sr=1-448,1,0.0683
product_link,https://www.amazon.in/Essentials-Reusable-Double-Organizer-Length/dp/B07R99NBVB/ref=sr_1_444?qid=1672903017&s=computers&sr=1-444,1,0.0683
product_link,https://www.amazon.in/Tukzer-Foldable-Adjustable-Compatible-Smartphones/dp/B08MWJTST6/ref=sr_1_442?qid=1672903017&s=computers&sr=1-442,1,0.0683
product_link,https://www.amazon.in/HP-Charger-Adapter-Pavilion-Black/dp/B01NBX5RSB/ref=sr_1_441?qid=1672903017&s=computers&sr=1-441,1,0.0683
product_link,https://www.amazon.in/oraimo-Charging-Syncing-Indicator-Compatible/dp/B0B86CDHL1/ref=sr_1_440?qid=1672903017&s=computers&sr=1-440,1,0.0683
product_link,https://www.amazon.in/HB-Adjustable-Aluminum-Foldable-Adjustment/dp/B0BHVPTM2C/ref=sr_1_439?qid=1672903017&s=computers&sr=1-439,1,0.0683
product_link,https://www.amazon.in/Sennheiser-CX-80s-Ear-Earphone/dp/B083T5G5PM/ref=sr_1_438?qid=1672903017&s=computers&sr=1-438,1,0.0683
product_link,https://www.amazon.in/Snapdragon-Resolution-Refresh-27-81Cm-Display/dp/B09XXZXQC1/ref=sr_1_437?qid=1672903017&s=computers&sr=1-437,1,0.0683
product_link,https://www.amazon.in/COSMOS-Portable-Flexible-Colors-EC-POF1/dp/B08TDJ5BVF/ref=sr_1_436?qid=1672903017&s=computers&sr=1-436,1,0.0683
